source_table,chapter,impact_category,pef_unit,eu27_central,nl_central,unit_label,pef_category
Table 8,2.4.2,Climate change,kg_CO2-eq.,0.13,0.13,EUR_2021/characterisation_unit,CAT I
Table 8,2.4.2,Ozone depletion,kg_CFC-11-eq.,29.1,29.1,EUR_2021/characterisation_unit,CAT I
Table 8,2.4.2,Ionising radiation,kBq_U235-eq.,0.00071,0.00071,EUR_2021/characterisation_unit,CAT I
Table 8,2.4.2,"Oxidant formation, human health",kg_NMVOC-eq.,1.3,1.4,EUR_2021/characterisation_unit,CAT I
Table 8,2.4.2,Particulate matter formation,disease_incidence,764627,1937047,EUR_2021/characterisation_unit,CAT I
Table 8,2.4.2,Acidification,mol_H+-eq.,2.04,2.01,EUR_2021/characterisation_unit,CAT II
Table 8,2.4.2,Freshwater eutrophication,kg_P-eq.,3.74,5.53,EUR_2021/characterisation_unit,CAT II
Table 8,2.4.2,Marine eutrophication,kg_N-eq.,14.25,14.25,EUR_2021/characterisation_unit,CAT II
Table 8,2.4.2,Terrestrial eutrophication,mol_N-eq.,0.331,0.344,EUR_2021/characterisation_unit,CAT II
